{
	"name": "Equipment",
	"comments1": "This is a test equipment list.  Only ID field is required to be unique.",
	"comments2": "type can be weapon, armor or charm.",
	"comments3": "cost is normalized $ cost. dmg is [x,y,z] array as in xdy+z in d20 format",
	"comments4": "critical is [x,y] as in critical if d20 rolls >=x, multiplier of y.",
	"author": "S. Kwong",
	"date": "18 Jan 2012",
	
	"equipment": [
		{
		"id":1,
		"name":"Dagger",
		"type":"weapon",
		"cost": 2,
		"dmg": [1,3,0],
		"critical": [20,2],
		"weight": 1
		},
		{
		"id":2,
		"name":"Longsword",
		"type":"weapon",
		"cost": 15,
		"dmg": [1,6,0],
		"critical": [19,2],
		"weight": 4
		},
		{
		"id":1001,
		"name":"Leather Armor",
		"type":"armor",
		"cost": 10,
		"abonus": 2,
		"mdbonus": 6,
		"acpenalty":0,
		"asfailure":0.1,
		"weight": 15
		},
		{
		"id":1002,
		"name":"Chain Mail",
		"type":"armor",
		"cost": 150,
		"abonus": 5,
		"mdbonus": 2,
		"acpenalty":-5,
		"asfailure":0.3,
		"weight": 40
		}
	]
}