{
	"name": "Townes",
	"comments1": "This is a test location list.  Only ID field is required to be unique.",
	"author": "S. Kwong",
	"date": "18 Jan 2012",
	
	"townes": [
		{
		"id":1,
		"name":"Midgaard",
		"monsterlevels": [1,10],
		"location": [0,0]
		},
		{
		"id":2,
		"name":"Tadaran",
		"monsterlevels": [5,15],
		"location": [3,3]
		},
		{
		"id":3,
		"name":"Jescalth",
		"monsterlevels": [10,20],
		"location": [9,-9]
		},
		{
		"id":4,
		"name":"Sacron",
		"monsterlevels": [21,30],
		"location": [0,-5]
		}
	]
}